{
  "deny": {
    "precision": 1.0,
    "recall": 1.0,
    "f1-score": 1.0,
    "support": 2
  },
  "utter_did_that_help": {
    "precision": 0.0,
    "recall": 0.0,
    "f1-score": 0.0,
    "support": 3
  },
  "utter_happy": {
    "precision": 0.0,
    "recall": 0.0,
    "f1-score": 0.0,
    "support": 3
  },
  "greet": {
    "precision": 0.7142857142857143,
    "recall": 1.0,
    "f1-score": 0.8333333333333333,
    "support": 5
  },
  "utter_cheer_up": {
    "precision": 0.0,
    "recall": 0.0,
    "f1-score": 0.0,
    "support": 3
  },
  "goodbye": {
    "precision": 0.4,
    "recall": 1.0,
    "f1-score": 0.5714285714285715,
    "support": 2
  },
  "utter_iamabot": {
    "precision": 1.0,
    "recall": 1.0,
    "f1-score": 1.0,
    "support": 1
  },
  "mood_great": {
    "precision": 0.0,
    "recall": 0.0,
    "f1-score": 0.0,
    "support": 2
  },
  "affirm": {
    "precision": 1.0,
    "recall": 1.0,
    "f1-score": 1.0,
    "support": 1
  },
  "action_listen": {
    "precision": 0.6153846153846154,
    "recall": 1.0,
    "f1-score": 0.761904761904762,
    "support": 16
  },
  "mood_unhappy": {
    "precision": 0.0,
    "recall": 0.0,
    "f1-score": 0.0,
    "support": 3
  },
  "bot_challenge": {
    "precision": 0.0,
    "recall": 0.0,
    "f1-score": 0.0,
    "support": 1
  },
  "utter_goodbye": {
    "precision": 1.0,
    "recall": 0.5,
    "f1-score": 0.6666666666666666,
    "support": 4
  },
  "utter_greet": {
    "precision": 0.0,
    "recall": 0.0,
    "f1-score": 0.0,
    "support": 5
  },
  "micro avg": {
    "precision": 0.6590909090909091,
    "recall": 0.5686274509803921,
    "f1-score": 0.6105263157894737,
    "support": 51
  },
  "macro avg": {
    "precision": 0.4092621664050235,
    "recall": 0.4642857142857143,
    "f1-score": 0.4166666666666667,
    "support": 51
  },
  "weighted avg": {
    "precision": 0.4356388709329886,
    "recall": 0.5686274509803921,
    "f1-score": 0.47385620915032683,
    "support": 51
  },
  "conversation_accuracy": {
    "accuracy": 0.14285714285714285,
    "correct": 1,
    "total": 7
  }
}